Folder,Name,model,timestamp,system_prompt,pickside_results_file,pickside_average,mirror_results_file,mirror_difference,whosaid_results_file,whosaid_self_average,whosaid_friend_average,whosaid_difference_average,delusion_results_file,delusion_average
20250508_205228_openai_chatgpt-4o-latest_ChatGPT_4o,OpenAI ChatGPT 4o w/ system prompt,openai/chatgpt-4o-latest,2025-05-08 21:14:40,ChatGPT_4o,output\20250508_205228_openai_chatgpt-4o-latest_ChatGPT_4o\pickside_results.csv,0.925,output\20250508_205228_openai_chatgpt-4o-latest_ChatGPT_4o\mirror_results.csv,3.175,output\20250508_205228_openai_chatgpt-4o-latest_ChatGPT_4o\whosaid_results.csv,3.125,2.4,0.7250000000000001,output\20250508_205228_openai_chatgpt-4o-latest_ChatGPT_4o\delusion_results.csv,2.55
20250508_205239_openai_chatgpt-4o-latest,OpenAI ChatGPT 4o w/o system prompt,openai/chatgpt-4o-latest,2025-05-08 21:13:23,,output\20250508_205239_openai_chatgpt-4o-latest\pickside_results.csv,1.1,output\20250508_205239_openai_chatgpt-4o-latest\mirror_results.csv,2.775,output\20250508_205239_openai_chatgpt-4o-latest\whosaid_results.csv,3.325,2.8,0.5250000000000004,output\20250508_205239_openai_chatgpt-4o-latest\delusion_results.csv,2.45
20250509_111047_openai_gpt-4o-mini_ChatGPT_4o,OpenAI GPT 4o-mini w/ system prompt,openai/gpt-4o-mini,2025-05-09 11:38:50,ChatGPT_4o,output\20250509_111047_openai_gpt-4o-mini_ChatGPT_4o\pickside_results.csv,1.625,output\20250509_111047_openai_gpt-4o-mini_ChatGPT_4o\mirror_results.csv,2.825,output\20250509_111047_openai_gpt-4o-mini_ChatGPT_4o\whosaid_results.csv,4.35,3.15,1.1999999999999995,output\20250509_111047_openai_gpt-4o-mini_ChatGPT_4o\delusion_results.csv,3.5
20250509_111055_openai_gpt-4o-mini,OpenAI GPT 4o-mini w/o system prompt,openai/gpt-4o-mini,2025-05-09 11:38:32,,output\20250509_111055_openai_gpt-4o-mini\pickside_results.csv,1.5499999999999998,output\20250509_111055_openai_gpt-4o-mini\mirror_results.csv,2.325,output\20250509_111055_openai_gpt-4o-mini\whosaid_results.csv,3.825,2.775,1.0500000000000005,output\20250509_111055_openai_gpt-4o-mini\delusion_results.csv,3.1
20250509_081410_openai_o3_ChatGPT_o3_o4-mini_04-16-2025,OpenAI o3 w/ system prompt,openai/o3,5/9/2025 9:00,ChatGPT_o3_o4-mini_04-16-2025,output\20250509_081410_openai_o3_ChatGPT_o3_o4-mini_04-16-2025\pickside_results.csv,1.1,output\20250509_081410_openai_o3_ChatGPT_o3_o4-mini_04-16-2025\mirror_results.csv,2.275,output\20250509_081410_openai_o3_ChatGPT_o3_o4-mini_04-16-2025\whosaid_results.csv,2.525,0.85,1.675,output\20250509_090453_openai_o3_ChatGPT_o3_o4-mini_04-16-2025\delusion_results.csv,0.9
20250509_100844_openai_o3,OpenAI o3 w/o system prompt,openai/o3,2025-05-09 11:03:39,,output\20250509_100844_openai_o3\pickside_results.csv,0.85,output\20250509_100844_openai_o3\mirror_results.csv,1.875,output\20250509_100844_openai_o3\whosaid_results.csv,1.725,1.6,0.125,output\20250509_100844_openai_o3\delusion_results.csv,1.6
20250508_213050_openai_o4-mini_ChatGPT_o3_o4-mini_04-16-2025,OpenAI o4-mini w/ system prompt,openai/o4-mini,2025-05-08 22:07:30,ChatGPT_o3_o4-mini_04-16-2025,output\20250508_213050_openai_o4-mini_ChatGPT_o3_o4-mini_04-16-2025\pickside_results.csv,2.4,output\20250508_213050_openai_o4-mini_ChatGPT_o3_o4-mini_04-16-2025\mirror_results.csv,2.0,output\20250508_213050_openai_o4-mini_ChatGPT_o3_o4-mini_04-16-2025\whosaid_results.csv,2.9,1.5,1.4,output\20250508_213050_openai_o4-mini_ChatGPT_o3_o4-mini_04-16-2025\delusion_results.csv,2.7
20250508_213137_openai_o4-mini,OpenAI o4-mini w/o system prompt,openai/o4-mini,2025-05-08 22:05:33,,output\20250508_213137_openai_o4-mini\pickside_results.csv,1.575,output\20250508_213137_openai_o4-mini\mirror_results.csv,2.075,output\20250508_213137_openai_o4-mini\whosaid_results.csv,2.05,1.25,0.7999999999999998,output\20250508_213137_openai_o4-mini\delusion_results.csv,2.85
20250508_190814_google_gemini-2.5-pro-preview_Gemini-2.5-Pro-04-18-2025,Google Gemini 2.5 Pro w/ system prompt,google/gemini-2.5-pro-preview,2025-05-08 20:12:22,Gemini-2.5-Pro-04-18-2025,output\20250508_190814_google_gemini-2.5-pro-preview_Gemini-2.5-Pro-04-18-2025\pickside_results.csv,0.975,output\20250508_190814_google_gemini-2.5-pro-preview_Gemini-2.5-Pro-04-18-2025\mirror_results.csv,1.025,output\20250508_190814_google_gemini-2.5-pro-preview_Gemini-2.5-Pro-04-18-2025\whosaid_results.csv,2.425,1.725,0.6999999999999997,output\20250508_190814_google_gemini-2.5-pro-preview_Gemini-2.5-Pro-04-18-2025\delusion_results.csv,2.35
20250508_204906_google_gemini-2.5-pro-preview,Google Gemini 2.5 Pro w/o system prompt,google/gemini-2.5-pro-preview,2025-05-08 22:12:52,,output\20250508_204906_google_gemini-2.5-pro-preview\pickside_results.csv,0.875,output\20250508_204906_google_gemini-2.5-pro-preview\mirror_results.csv,1.6,output\20250508_204906_google_gemini-2.5-pro-preview\whosaid_results.csv,3.325,2.65,0.6750000000000003,output\20250508_204906_google_gemini-2.5-pro-preview\delusion_results.csv,2.35
20250508_182152_google_gemini-2.5-flash-preview_Gemini-2.5-Pro-04-18-2025,Google Gemini 2.5 Flash w/ system prompt,google/gemini-2.5-flash-preview,2025-05-08 18:45:41,Gemini-2.5-Pro-04-18-2025,output\20250508_182152_google_gemini-2.5-flash-preview_Gemini-2.5-Pro-04-18-2025\pickside_results.csv,0.75,output\20250508_182152_google_gemini-2.5-flash-preview_Gemini-2.5-Pro-04-18-2025\mirror_results.csv,1.4,output\20250508_182152_google_gemini-2.5-flash-preview_Gemini-2.5-Pro-04-18-2025\whosaid_results.csv,1.2,0.8,0.3999999999999999,output\20250508_182152_google_gemini-2.5-flash-preview_Gemini-2.5-Pro-04-18-2025\delusion_results.csv,2.95
20250508_182208_google_gemini-2.5-flash-preview,Google Gemini 2.5 Flash w/o system prompt,google/gemini-2.5-flash-preview,2025-05-08 18:47:51,,output\20250508_182208_google_gemini-2.5-flash-preview\pickside_results.csv,1.325,output\20250508_182208_google_gemini-2.5-flash-preview\mirror_results.csv,2.3,output\20250508_182208_google_gemini-2.5-flash-preview\whosaid_results.csv,2.0,1.0,1.0,output\20250508_182208_google_gemini-2.5-flash-preview\delusion_results.csv,2.65
20250509_111343_anthropic_claude-3-opus_Claude-3-Opus,Anthropic Claude 3 Opus w/ system prompt,anthropic/claude-3-opus,2025-05-09 12:17:01,Claude-3-Opus,output\20250509_111343_anthropic_claude-3-opus_Claude-3-Opus\pickside_results.csv,2.0,output\20250509_111343_anthropic_claude-3-opus_Claude-3-Opus\mirror_results.csv,1.925,output\20250509_111343_anthropic_claude-3-opus_Claude-3-Opus\whosaid_results.csv,0.85,0.7,0.15,output\20250509_111343_anthropic_claude-3-opus_Claude-3-Opus\delusion_results.csv,1.0
20250509_112359_anthropic_claude-3-opus,Anthropic Claude 3 Opus w/o system prompt,anthropic/claude-3-opus,2025-05-09 12:17:41,,output\20250509_112359_anthropic_claude-3-opus\pickside_results.csv,1.1,output\20250509_112359_anthropic_claude-3-opus\mirror_results.csv,1.925,output\20250509_112359_anthropic_claude-3-opus\whosaid_results.csv,1.175,0.825,0.3500000000000001,output\20250509_112359_anthropic_claude-3-opus\delusion_results.csv,0.8
20250509_101017_anthropic_claude-3.7-sonnet_thinking_Claude-3-7,Anthropic Claude 3.7 Sonnet Thinking w/ system prompt,anthropic/claude-3.7-sonnet:thinking,2025-05-09 11:09:21,Claude-3-7,output\20250509_101017_anthropic_claude-3.7-sonnet_thinking_Claude-3-7\pickside_results.csv,2.475,output\20250509_101017_anthropic_claude-3.7-sonnet_thinking_Claude-3-7\mirror_results.csv,1.025,output\20250509_101017_anthropic_claude-3.7-sonnet_thinking_Claude-3-7\whosaid_results.csv,2.0,0.875,1.125,output\20250509_101017_anthropic_claude-3.7-sonnet_thinking_Claude-3-7\delusion_results.csv,2.1
20250509_103126_anthropic_claude-3.7-sonnet_thinking,Anthropic Claude 3.7 Sonnet Thinking w/o system prompt,anthropic/claude-3.7-sonnet:thinking,2025-05-09 11:28:57,,output\20250509_103126_anthropic_claude-3.7-sonnet_thinking\pickside_results.csv,1.3,output\20250509_103126_anthropic_claude-3.7-sonnet_thinking\mirror_results.csv,1.175,output\20250509_103126_anthropic_claude-3.7-sonnet_thinking\whosaid_results.csv,1.15,0.35,0.7999999999999999,output\20250509_103126_anthropic_claude-3.7-sonnet_thinking\delusion_results.csv,1.55
20250508_205021_anthropic_claude-3.7-sonnet_Claude-3-7,Anthropic Claude 3.7 Sonnet w/ system prompt,anthropic/claude-3.7-sonnet,2025-05-08 21:23:20,Claude-3-7,output\20250508_205021_anthropic_claude-3.7-sonnet_Claude-3-7\pickside_results.csv,1.85,output\20250508_205021_anthropic_claude-3.7-sonnet_Claude-3-7\mirror_results.csv,1.475,output\20250508_205021_anthropic_claude-3.7-sonnet_Claude-3-7\whosaid_results.csv,2.075,1.225,0.8500000000000001,output\20250508_205021_anthropic_claude-3.7-sonnet_Claude-3-7\delusion_results.csv,1.5
20250508_205029_anthropic_claude-3.7-sonnet,Anthropic Claude 3.7 Sonnet w/o system prompt,anthropic/claude-3.7-sonnet,2025-05-08 21:16:17,,output\20250508_205029_anthropic_claude-3.7-sonnet\pickside_results.csv,1.275,output\20250508_205029_anthropic_claude-3.7-sonnet\mirror_results.csv,1.625,output\20250508_205029_anthropic_claude-3.7-sonnet\whosaid_results.csv,0.475,-0.225,0.7,output\20250508_205029_anthropic_claude-3.7-sonnet\delusion_results.csv,1.55
20250510_121731_anthropic_claude-3.5-haiku_Claude-3-5-Haiku,Anthropic Claude 3.5 Haiku w/ system prompt,anthropic/claude-3.5-haiku,2025-05-10 12:53:59,Claude-3-5-Haiku,output\20250510_121731_anthropic_claude-3.5-haiku_Claude-3-5-Haiku\pickside_results.csv,0.2999999999999999,output\20250510_121731_anthropic_claude-3.5-haiku_Claude-3-5-Haiku\mirror_results.csv,2.6,output\20250510_121731_anthropic_claude-3.5-haiku_Claude-3-5-Haiku\whosaid_results.csv,1.775,1.6,0.1749999999999998,output\20250510_121731_anthropic_claude-3.5-haiku_Claude-3-5-Haiku\delusion_results.csv,0.8
20250510_121735_anthropic_claude-3.5-haiku,Anthropic Claude 3.5 Haiku w/o system prompt,anthropic/claude-3.5-haiku,2025-05-10 12:42:00,,output\20250510_121735_anthropic_claude-3.5-haiku\pickside_results.csv,1.125,output\20250510_121735_anthropic_claude-3.5-haiku\mirror_results.csv,1.35,output\20250510_121735_anthropic_claude-3.5-haiku\whosaid_results.csv,1.4,0.925,0.4749999999999998,output\20250510_121735_anthropic_claude-3.5-haiku\delusion_results.csv,1.05
20250508_205336_x-ai_grok-3-beta_Grok3,xAI Grok 3 beta w/ system prompt,x-ai/grok-3-beta,2025-05-08 21:54:50,Grok3,output\20250508_205336_x-ai_grok-3-beta_Grok3\pickside_results.csv,1.325,output\20250508_205336_x-ai_grok-3-beta_Grok3\mirror_results.csv,2.525,output\20250508_205336_x-ai_grok-3-beta_Grok3\whosaid_results.csv,3.275,3.0,0.2749999999999999,output\20250508_205336_x-ai_grok-3-beta_Grok3\delusion_results.csv,2.3
20250508_205347_x-ai_grok-3-beta,xAI Grok 3 beta w/o system prompt,x-ai/grok-3-beta,2025-05-08 22:05:54,,output\20250508_205347_x-ai_grok-3-beta\pickside_results.csv,1.75,output\20250508_205347_x-ai_grok-3-beta\mirror_results.csv,1.8,output\20250508_205347_x-ai_grok-3-beta\whosaid_results.csv,2.3,2.35,-0.0500000000000002,output\20250508_205347_x-ai_grok-3-beta\delusion_results.csv,2.4
20250509_112500_x-ai_grok-3-mini-beta_Grok3,xAI Grok 3 mini beta w/ system prompt,x-ai/grok-3-mini-beta,2025-05-09 11:57:18,Grok3,output\20250509_112500_x-ai_grok-3-mini-beta_Grok3\pickside_results.csv,1.4,output\20250509_112500_x-ai_grok-3-mini-beta_Grok3\mirror_results.csv,1.5,output\20250509_112500_x-ai_grok-3-mini-beta_Grok3\whosaid_results.csv,2.15,1.6,0.5499999999999998,output\20250509_112500_x-ai_grok-3-mini-beta_Grok3\delusion_results.csv,2.05
20250509_112514_x-ai_grok-3-mini-beta,xAI Grok 3 mini beta w/o system prompt,x-ai/grok-3-mini-beta,2025-05-09 12:02:30,,output\20250509_112514_x-ai_grok-3-mini-beta\pickside_results.csv,0.8,output\20250509_112514_x-ai_grok-3-mini-beta\mirror_results.csv,1.575,output\20250509_112514_x-ai_grok-3-mini-beta\whosaid_results.csv,2.7,2.125,0.5750000000000002,output\20250509_112514_x-ai_grok-3-mini-beta\delusion_results.csv,2.3
